    102.61,    105.37,    102.00,    105.35,    100.27,67649400.00
    105.75,    105.85,    102.41,    102.71,     97.76,55791000.00
    100.56,    102.37,     99.87,    100.70,     95.85,68457400.00
     98.68,    100.13,     96.43,     96.45,     91.80,81094400.00
     98.55,     99.11,     96.76,     96.96,     92.29,70798000.00
     98.97,     99.06,     97.34,     98.53,     93.78,49739400.00
    100.55,    100.69,     98.84,     99.96,     95.14,49154200.00
    100.32,    101.19,     97.30,     97.39,     92.70,62439600.00
     97.96,    100.48,     95.74,     99.52,     94.73,63170100.00
     96.20,     97.71,     95.36,     97.13,     92.45,79010000.00
     98.41,     98.65,     95.50,     96.66,     92.00,53087700.00
     95.10,     98.19,     93.42,     96.79,     92.13,72334400.00
     97.06,     97.88,     94.94,     96.30,     91.66,52161500.00
     98.63,    101.46,     98.37,    101.42,     96.53,65800500.00
    101.52,    101.53,     99.21,     99.44,     94.65,51794500.00
     99.93,    100.88,     98.07,     99.99,     95.17,75077000.00
     96.04,     96.63,     93.34,     93.42,     88.92,133369700.00
     93.79,     94.52,     92.39,     94.09,     89.56,55678800.00
     94.79,     97.34,     94.35,     97.34,     92.65,64416500.00
     96.47,     96.71,     95.40,     96.43,     91.78,40943500.00
     95.42,     96.04,     94.28,     94.48,     89.93,37357200.00
     95.00,     96.84,     94.08,     96.35,     91.71,45964300.00
     95.86,     97.33,     95.19,     96.60,     92.44,46471700.00
     96.52,     96.92,     93.69,     94.02,     89.98,46418100.00
     93.13,     95.70,     93.04,     95.01,     90.92,54021400.00
     94.29,     95.94,     93.93,     94.99,     90.90,44331200.00
     95.92,     96.35,     94.10,     94.27,     90.22,42343600.00
     93.79,     94.72,     92.59,     93.70,     89.67,50074700.00
     94.19,     94.50,     93.01,     93.99,     89.95,40351400.00
     95.02,     96.85,     94.61,     96.64,     92.48,49057900.00
     96.67,     98.21,     96.15,     98.12,     93.90,44863200.00
     98.84,     98.89,     96.09,     96.26,     92.12,39021000.00
     96.00,     96.76,     95.80,     96.04,     91.91,35374200.00
     96.31,     96.90,     95.92,     96.88,     92.71,34280800.00
     96.40,     96.50,     94.55,     94.69,     90.62,31942600.00
     93.98,     96.38,     93.32,     96.10,     91.97,36255700.00
     96.05,     96.76,     95.25,     96.76,     92.60,27582700.00
     97.20,     98.02,     96.58,     96.91,     92.74,28991100.00
     96.86,     98.23,     96.65,     96.69,     92.53,35216300.00
     97.65,    100.77,     97.42,    100.53,     96.21,50407100.00
    100.51,    100.89,     99.64,    100.75,     96.42,33169600.00
    100.58,    101.71,    100.45,    101.50,     97.13,36955700.00
    102.37,    103.75,    101.37,    103.01,     98.58,46055100.00
    102.39,    102.83,    100.96,    101.87,     97.49,35828900.00
    100.78,    101.76,    100.40,    101.03,     96.68,31561900.00
    101.31,    101.58,    100.27,    101.12,     96.77,27201700.00
    101.41,    102.24,    100.15,    101.17,     96.82,33513600.00
    102.24,    102.28,    101.50,    102.26,     97.86,27408200.00
    101.91,    102.91,    101.78,    102.52,     98.11,25076100.00
    103.96,    105.18,    103.85,    104.58,    100.08,40067700.00
    104.61,    106.31,    104.59,    105.97,    101.41,38303500.00
    105.52,    106.47,    104.96,    105.80,    101.25,34420700.00
    106.34,    106.50,    105.19,    105.92,    101.36,44205200.00
    105.93,    107.65,    105.14,    105.91,    101.35,35502700.00
    105.25,    107.29,    105.21,    106.72,    102.13,32444400.00
    106.48,    107.07,    105.90,    106.13,    101.57,25703500.00
    105.47,    106.25,    104.89,    105.67,    101.12,26133000.00
    106.00,    106.19,    105.06,    105.19,    100.67,19411400.00
    104.89,    107.79,    104.88,    107.68,    103.05,31190100.00
    108.65,    110.42,    108.60,    109.56,    104.85,45601100.00
    109.72,    109.90,    108.88,    108.99,    104.30,25888400.00
    108.78,    110.00,    108.20,    109.99,    105.26,25874000.00
    110.42,    112.19,    110.27,    111.12,    106.34,37356200.00
    109.51,    110.73,    109.42,    109.81,    105.09,26578700.00
    110.23,    110.98,    109.20,    110.96,    106.19,26404100.00
    109.95,    110.42,    108.12,    108.54,    103.87,31801900.00
    108.91,    109.77,    108.17,    108.66,    103.99,23581700.00
    108.97,    110.61,    108.83,    109.02,    104.33,29407500.00
    109.34,    110.50,    108.66,    110.44,    105.69,27232300.00
    110.80,    112.34,    110.80,    112.04,    107.22,33257300.00
    111.62,    112.39,    111.33,    112.10,    107.28,25473900.00
    112.11,    112.30,    109.73,    109.85,    105.13,46939000.00
    108.89,    108.95,    106.94,    107.48,    102.86,60834000.00
    107.88,    108.00,    106.23,    106.91,    102.31,32384900.00
    106.64,    108.09,    106.06,    107.13,    102.52,30611000.00
    106.93,    106.93,    105.52,    105.97,    101.41,31552500.00
    105.01,    106.48,    104.62,    105.68,    101.13,33683100.00
    105.00,    105.65,    104.51,    105.08,    100.56,28031600.00
    103.91,    105.30,    103.91,    104.35,     99.86,56016200.00
     96.00,     98.71,     95.68,     97.82,     93.61,114602100.00
     97.61,     97.88,     94.25,     94.83,     90.75,82242700.00
     93.99,     94.72,     92.51,     93.74,     89.71,68531500.00
     93.97,     94.08,     92.40,     93.64,     89.61,48160100.00
     94.20,     95.74,     93.68,     95.18,     91.09,56831300.00
     95.20,     95.90,     93.82,     94.19,     90.14,41025500.00
     94.00,     94.07,     92.68,     93.24,     89.77,35890500.00
     93.37,     93.45,     91.85,     92.72,     89.27,43458200.00
     93.00,     93.77,     92.59,     92.79,     89.34,32936400.00
     93.33,     93.57,     92.11,     93.42,     89.95,33686800.00
     93.48,     93.57,     92.46,     92.51,     89.07,28719100.00
     92.72,     92.78,     89.47,     90.34,     86.98,76314700.00
     90.00,     91.67,     90.00,     90.52,     87.15,44392800.00
     92.39,     94.39,     91.65,     93.88,     90.39,61259800.00
     94.55,     94.70,     93.01,     93.49,     90.01,46916900.00
     94.16,     95.21,     93.89,     94.56,     91.04,42062400.00
     94.64,     94.64,     93.57,     94.20,     90.70,30442100.00
     94.64,     95.43,     94.52,     95.22,     91.68,32026000.00
     95.87,     97.19,     95.67,     96.43,     92.84,38018600.00
     97.22,     98.09,     96.84,     97.90,     94.26,35140200.00
     98.67,     99.74,     98.11,     99.62,     95.92,38168800.00
     99.68,    100.73,     98.64,    100.41,     96.68,56331200.00
     99.44,    100.47,     99.25,    100.35,     96.62,36229500.00
     99.60,    100.40,     98.82,     99.86,     96.15,42307200.00
     99.02,     99.54,     98.33,     98.46,     94.80,29173300.00
     97.60,     97.84,     96.63,     97.72,     94.09,40191600.00
     97.79,     98.27,     97.45,     97.92,     94.28,28062900.00
     97.99,    101.89,     97.55,     98.63,     94.96,23292500.00
     99.25,     99.87,     98.96,     99.03,     95.35,22409500.00
     99.02,     99.56,     98.68,     98.94,     95.26,20848100.00
     98.50,     99.99,     98.46,     99.65,     95.94,26601400.00
     98.53,     99.35,     98.48,     98.83,     95.15,31712900.00
     98.69,     99.12,     97.10,     97.34,     93.72,38020500.00
     97.32,     98.48,     96.75,     97.46,     93.84,31931900.00
     97.82,     98.41,     97.03,     97.14,     93.53,29445200.00
     96.45,     97.75,     96.07,     97.55,     93.92,31326800.00
     96.62,     96.65,     95.30,     95.33,     91.79,61008200.00
     96.00,     96.57,     95.03,     95.10,     91.56,34411900.00
     94.94,     96.35,     94.68,     95.91,     92.34,35546400.00
     96.25,     96.89,     95.35,     95.55,     92.00,29219100.00
     95.94,     96.29,     95.25,     96.10,     92.53,32240200.00
     92.91,     94.66,     92.65,     93.40,     89.93,75311400.00
     93.00,     93.05,     91.50,     92.04,     88.62,45489600.00
     92.90,     93.66,     92.14,     93.59,     90.11,40444900.00
     93.97,     94.55,     93.63,     94.40,     90.89,36531000.00
     94.44,     95.77,     94.30,     95.60,     92.05,35836400.00
     95.49,     96.47,     95.33,     95.89,     92.32,26026500.00
     95.39,     95.40,     94.46,     94.99,     91.46,27705200.00
     94.60,     95.66,     94.37,     95.53,     91.98,30949100.00
     95.70,     96.50,     95.62,     95.94,     92.37,25139600.00
     96.49,     96.89,     96.05,     96.68,     93.08,28912100.00
     96.75,     97.65,     96.73,     96.98,     93.37,23794900.00
     97.17,     97.70,     97.12,     97.42,     93.80,24167500.00
     97.41,     97.67,     96.84,     96.87,     93.27,25892200.00
     97.39,     98.99,     97.32,     98.79,     95.12,38919000.00
     98.92,     99.30,     98.50,     98.78,     95.11,30137000.00
     98.70,    100.13,     98.60,     99.83,     96.12,36493900.00
     99.56,    100.00,     99.34,     99.87,     96.16,23779900.00
    100.00,    100.46,     99.74,     99.96,     96.24,26276000.00
     99.83,    101.00,     99.13,     99.43,     95.73,32702000.00
     99.26,     99.30,     98.31,     98.66,     94.99,28313700.00
     98.25,     98.84,     96.92,     97.34,     93.72,40382900.00
     96.82,     97.97,     96.42,     96.67,     93.08,56239800.00
    104.27,    104.35,    102.75,    102.95,     99.12,92344800.00
    102.83,    104.45,    102.82,    104.34,    100.46,39869800.00
    104.19,    104.55,    103.68,    104.21,    100.33,27733700.00
    104.41,    106.15,    104.41,    106.05,    102.11,38167900.00
    106.05,    106.07,    104.00,    104.48,    100.59,33816600.00
    104.81,    105.84,    104.77,    105.79,    101.86,30202600.00
    105.58,    106.00,    105.28,    105.87,    102.49,27408700.00
    106.27,    107.65,    106.18,    107.48,    104.04,40553400.00
    107.52,    108.37,    107.16,    108.37,    104.91,28037200.00
    108.23,    108.94,    108.01,    108.81,    105.33,26315200.00
    108.71,    108.90,    107.76,    108.00,    104.55,24008500.00
    108.52,    108.93,    107.85,    107.93,    104.48,27484500.00
    107.78,    108.44,    107.78,    108.18,    104.72,18660400.00
    108.14,    109.54,    108.08,    109.48,    105.98,25868200.00
    109.63,    110.23,    109.21,    109.38,    105.88,33794400.00
    109.10,    109.37,    108.34,    109.22,    105.73,25356000.00
    109.23,    109.60,    109.02,    109.08,    105.59,21984700.00
    108.77,    109.69,    108.36,    109.36,    105.86,25368100.00
    108.86,    109.10,    107.85,    108.51,    105.04,25820200.00
    108.59,    109.32,    108.53,    108.85,    105.37,21257700.00
    108.57,    108.75,    107.68,    108.03,    104.58,23675100.00
    107.39,    107.88,    106.68,    107.57,    104.13,25086200.00
    107.41,    107.95,    106.31,    106.94,    103.52,27766300.00
    106.62,    107.44,    106.29,    106.82,    103.40,24970300.00
    105.80,    106.50,    105.50,    106.00,    102.61,24863900.00
    105.66,    106.57,    105.64,    106.10,    102.71,29662400.00
    106.14,    106.80,    105.62,    106.73,    103.32,26701500.00
    107.70,    108.00,    106.82,    107.73,    104.29,26802500.00
    107.90,    108.30,    107.51,    107.70,    104.26,26880400.00
    107.83,    108.76,    107.07,    108.36,    104.90,42364300.00
    107.25,    107.27,    105.24,    105.52,    102.15,53002000.00
    104.64,    105.72,    103.13,    103.13,     99.83,46557000.00
    102.65,    105.72,    102.53,    105.44,    102.07,45292800.00
    107.51,    108.79,    107.24,    107.95,    104.50,62176200.00
    108.73,    113.03,    108.60,    111.77,    108.20,110888700.00
    113.86,    115.73,    113.49,    115.57,    111.88,89983600.00
    115.12,    116.13,    114.04,    114.92,    111.25,79886900.00
    115.19,    116.18,    113.25,    113.58,    109.95,47023000.00
    113.05,    114.12,    112.51,    113.57,    109.94,34514300.00
    113.85,    113.99,    112.44,    113.55,    109.92,36003200.00
    114.35,    114.94,    114.00,    114.62,    110.96,31074000.00
    114.42,    114.79,    111.55,    112.71,    109.11,52481200.00
    111.64,    113.39,    111.55,    112.88,    109.27,29869400.00
    113.00,    113.18,    112.34,    113.09,    109.47,24607400.00
    113.69,    114.64,    113.43,    113.95,    110.31,29641100.00
    113.16,    113.80,    111.80,    112.18,    108.59,35887000.00
    112.46,    113.37,    111.80,    113.05,    109.44,36379100.00
    112.71,    113.05,    112.28,    112.52,    108.92,21701800.00
    113.06,    114.31,    112.63,    113.00,    109.39,29736800.00
    113.40,    113.66,    112.69,    113.05,    109.44,21453100.00
    113.70,    114.34,    113.13,    113.89,    110.25,28779300.00
    114.31,    114.56,    113.51,    114.06,    110.41,24358400.00
    115.02,    116.75,    114.72,    116.05,    112.34,36236000.00
    117.70,    118.69,    116.20,    116.30,    112.58,64041000.00
    117.35,    117.98,    116.75,    117.34,    113.59,37586800.00
    116.79,    117.44,    115.72,    116.98,    113.24,35192400.00
    117.88,    118.17,    117.13,    117.63,    113.87,35652200.00
    117.33,    117.84,    116.78,    117.55,    113.79,23624900.00
    118.18,    118.21,    117.45,    117.47,    113.71,24553500.00
    117.25,    117.76,    113.80,    117.12,    113.38,20034600.00
    116.86,    117.38,    116.33,    117.06,    113.32,24125800.00
    116.81,    116.91,    116.28,    116.60,    112.87,23192700.00
    117.10,    117.74,    117.00,    117.65,    113.89,23538700.00
    117.95,    118.36,    117.31,    118.25,    114.47,48129000.00
    114.31,    115.70,    113.31,    115.59,    111.89,66134200.00
    115.39,    115.86,    114.10,    114.48,    110.82,34562000.00
    113.87,    115.21,    113.45,    113.72,    110.08,37861700.00
    113.65,    114.23,    113.20,    113.54,    109.91,26419400.00
    113.46,    113.77,    110.53,    111.49,    107.93,43825800.00
    111.40,    112.35,    111.23,    111.59,    108.02,28331700.00
    110.98,    111.46,    109.55,    109.83,    106.86,26932600.00
    108.53,    110.25,    108.11,    108.84,    105.90,30837000.00
    110.08,    110.51,    109.46,    110.41,    107.43,32560000.00
    110.31,    111.72,    109.70,    111.06,    108.06,24054500.00
    109.88,    111.32,    108.05,    110.88,    107.89,59176400.00
    111.09,    111.09,    105.83,    107.79,    104.88,57134500.00
    107.12,    108.87,    106.55,    108.43,    105.50,34094100.00
    107.71,    107.81,    104.08,    105.71,    102.86,51175500.00
    106.57,    107.68,    106.16,    107.11,    104.22,32264500.00
    106.70,    110.23,    106.60,    109.99,    107.02,58840500.00
    109.81,    110.35,    108.83,    109.95,    106.98,27632000.00
    109.72,    110.54,    109.66,    110.06,    107.09,28428900.00
    110.12,    111.99,    110.01,    111.73,    108.71,29264600.00
    111.95,    112.42,    111.40,    111.80,    108.78,25965500.00
    111.36,    111.51,    110.33,    111.23,    108.23,27426400.00
    111.13,    111.87,    110.95,    111.79,    108.77,11475900.00
    111.43,    112.47,    111.39,    111.57,    108.56,27194000.00
    110.78,    112.03,    110.07,    111.46,    108.45,28528800.00
    111.60,    112.20,    110.27,    110.52,    107.54,36162300.00
    110.37,    110.94,    109.03,    109.49,    106.53,37086900.00
    109.17,    110.09,    108.85,    109.90,    106.93,26528000.00
    110.00,    110.03,    108.25,    109.11,    106.16,34324500.00
    109.50,    110.36,    109.19,    109.95,    106.98,26195500.00
    109.26,    111.19,    109.16,    111.03,    108.03,29998700.00
    110.86,    112.43,    110.60,    112.12,    109.09,27068300.00
    112.31,    114.70,    112.31,    113.95,    110.87,34402600.00
    113.29,    115.00,    112.49,    113.30,    110.24,26374400.00
    113.84,    115.92,    113.75,    115.19,    112.08,43733800.00
    115.04,    116.20,    114.98,    115.19,    112.08,34031800.00
    115.38,    116.73,    115.23,    115.82,    112.69,46524500.00
    116.47,    116.50,    115.65,    115.97,    112.84,44351100.00
    115.80,    117.38,    115.75,    116.64,    113.49,27779400.00
    116.74,    117.50,    116.68,    116.95,    113.79,21425000.00
    116.80,    117.40,    116.78,    117.06,    113.90,23783200.00
    116.35,    116.51,    115.64,    116.29,    113.15,26085900.00
    115.59,    116.52,    115.59,    116.52,    113.37,14249500.00
    116.52,    117.80,    116.49,    117.26,    114.09,18296900.00
    117.52,    118.02,    116.20,    116.76,    113.61,20905900.00
    115.80,    116.33,    114.76,    116.15,    113.01,28781900.00
    115.85,    116.51,    115.75,    116.02,    112.89,21118100.00
    115.92,    116.86,    115.81,    116.61,    113.46,22193600.00
    116.78,    118.16,    116.47,    117.91,    114.73,31751900.00
    117.95,    119.43,    117.94,    118.99,    115.78,33561900.00
    118.77,    119.38,    118.30,    119.11,    115.89,24462100.00
    118.74,    119.93,    118.60,    119.75,    116.52,27588600.00
    118.90,    119.30,    118.21,    119.25,    116.03,27086200.00
    119.11,    119.62,    118.81,    119.04,    115.83,26111900.00
    118.34,    120.24,    118.22,    120.00,    116.76,34439800.00
    120.00,    120.50,    119.71,    119.99,    116.75,23713000.00
    119.40,    120.09,    119.37,    119.78,    116.55,25597300.00
    120.45,    120.45,    119.73,    120.00,    116.76,32597900.00
    120.00,    120.81,    119.77,    120.08,    116.84,22050200.00
    119.55,    120.10,    119.50,    119.97,    116.73,23211000.00
    120.42,    122.10,    120.28,    121.88,    118.59,32377600.00
    121.67,    122.44,    121.60,    121.94,    118.65,26337600.00
    122.14,    122.35,    121.60,    121.95,    118.66,20562900.00
    120.93,    121.63,    120.66,    121.63,    118.35,30377500.00
    121.15,    121.39,    120.62,    121.35,    118.07,49201000.00
    127.03,    130.49,    127.01,    128.75,    125.27,111985000.00
    127.98,    129.39,    127.78,    128.53,    125.06,33710400.00
    128.31,    129.19,    128.16,    129.08,    125.59,24507300.00
    129.13,    130.50,    128.90,    130.29,    126.77,26845900.00
    130.54,    132.09,    130.45,    131.53,    127.98,38183800.00
    131.35,    132.22,    131.22,    132.04,    128.47,23004100.00
    131.65,    132.45,    131.12,    132.42,    129.40,28349900.00
    132.46,    132.94,    132.05,    132.12,    129.11,20065500.00
    133.08,    133.82,    132.75,    133.29,    130.25,23035400.00
    133.47,    135.09,    133.25,    135.02,    131.94,33226200.00
    135.52,    136.27,    134.62,    135.51,    132.42,35623100.00
    135.67,    135.90,    134.84,    135.35,    132.27,22584600.00
    135.10,    135.83,    135.10,    135.72,    132.63,22198200.00
    136.23,    136.75,    135.98,    136.70,    133.59,24507200.00
    136.43,    137.12,    136.11,    137.11,    133.99,20836900.00
    137.38,    137.48,    136.30,    136.53,    133.42,20788200.00
    135.91,    136.66,    135.28,    136.66,    133.55,21776600.00
    137.14,    137.44,    136.28,    136.93,    133.81,20257400.00
    137.08,    137.44,    136.70,    136.99,    133.87,23482900.00
    137.89,    140.15,    137.60,    139.79,    136.61,36414600.00
    140.00,    140.28,    138.76,    138.96,    135.79,26211000.00
    138.78,    139.83,    138.59,    139.78,    136.60,21108100.00
    139.37,    139.77,    138.60,    139.34,    136.17,21750000.00
    139.06,    139.98,    138.79,    139.52,    136.34,17446300.00
    138.95,    139.80,    138.82,    139.00,    135.83,18707200.00
    138.74,    138.79,    137.05,    138.68,    135.52,22155900.00
    139.25,    139.36,    138.64,    139.14,    135.97,19612800.00
    138.85,    139.43,    138.82,    139.20,    136.03,17421700.00
    139.30,    139.65,    138.84,    138.99,    135.82,15309100.00
    139.41,    140.75,    139.03,    140.46,    137.26,25691800.00
    140.72,    141.02,    140.26,    140.69,    137.48,19232000.00
    141.00,    141.00,    139.89,    139.99,    136.80,43885000.00
    140.40,    141.50,    140.23,    141.46,    138.24,21542000.00
    142.11,    142.80,    139.73,    139.84,    136.65,39529900.00
    139.85,    141.60,    139.76,    141.42,    138.20,25860200.00
    141.26,    141.58,    140.61,    140.92,    137.71,20346300.00
    141.50,    141.74,    140.35,    140.64,    137.44,22395600.00
    139.39,    141.22,    138.62,    140.88,    137.67,23575100.00
    140.91,    144.04,    140.62,    143.80,    140.52,33374800.00
    143.68,    144.49,    143.19,    144.12,    140.84,29190000.00
    144.19,    144.50,    143.50,    143.93,    140.65,21207300.00
    143.72,    144.27,    143.01,    143.66,    140.39,19661700.00
    143.71,    144.12,    143.05,    143.70,    140.43,19985700.00
    143.25,    144.89,    143.17,    144.77,    141.47,19891400.00
    144.22,    145.46,    143.81,    144.02,    140.74,27717900.00
    144.29,    144.52,    143.45,    143.66,    140.39,21149000.00
    143.73,    144.18,    143.27,    143.34,    140.07,16672200.00
    143.60,    143.88,    142.90,    143.17,    139.91,18933400.00
    142.94,    143.35,    140.06,    141.63,    138.40,30379400.00
    141.60,    142.15,    141.01,    141.80,    138.57,20350000.00
    141.91,    142.38,    141.05,    141.05,    137.84,17822900.00
    141.48,    141.88,    140.87,    141.83,    138.60,16582100.00
    141.41,    142.04,    141.11,    141.20,    137.98,14697500.00
    141.88,    142.00,    140.45,    140.68,    137.48,17328400.00
    141.22,    142.92,    141.16,    142.44,    139.19,23319600.00
    142.44,    142.68,    141.85,    142.27,    139.03,17320900.00
    143.50,    143.95,    143.18,    143.64,    140.37,17134300.00
    143.91,    144.90,    143.87,    144.53,    141.24,18871500.00
    144.47,    144.60,    143.38,    143.68,    140.41,20041200.00
    143.92,    144.16,    143.31,    143.79,    140.51,14246300.00
    144.09,    144.30,    143.27,    143.65,    140.38,20860400.00
    145.10,    147.20,    144.96,    146.58,    143.24,33602900.00
    147.54,    148.09,    146.84,    147.51,    144.15,45352200.00
    145.59,    147.49,    144.27,    147.06,    143.71,45697000.00
    146.52,    147.14,    145.81,    146.53,    143.19,23371900.00
    146.76,    148.98,    146.76,    148.96,    145.57,27327700.00
    149.03,    153.70,    149.03,    153.01,    149.52,48752400.00
    153.87,    154.88,    153.45,    153.99,    150.48,39130400.00
    153.63,    153.94,    152.11,    153.26,    149.77,25805700.00
    152.45,    154.07,    152.31,    153.95,    151.06,27255100.00
    154.70,    156.42,    154.67,    156.10,    153.17,32527000.00
    156.01,    156.65,    155.05,    155.70,    152.78,26009700.00
    155.94,    156.06,    154.72,    155.47,    152.56,20048500.00
    153.60,    154.57,    149.71,    150.25,    147.43,50767700.00
    151.27,    153.34,    151.13,    152.54,    149.68,33568200.00
    153.38,    153.98,    152.63,    153.06,    150.19,26960800.00
    154.00,    154.58,    152.91,    153.99,    151.10,22966400.00
    154.90,    154.90,    153.31,    153.80,    150.92,19918900.00
    153.84,    154.17,    152.67,    153.34,    150.47,19178000.00
    153.73,    154.35,    153.03,    153.87,    150.99,19235600.00
    154.00,    154.24,    153.31,    153.61,    150.73,21927600.00
    153.42,    154.43,    153.33,    153.67,    150.79,20126900.00
    153.97,    154.17,    152.38,    152.76,    149.90,24451200.00
    153.17,    153.33,    152.22,    153.18,    150.31,16404100.00
    153.58,    155.45,    152.89,    155.45,    152.54,27770700.00
    154.34,    154.45,    153.46,    153.93,    151.04,25331700.00
    153.90,    155.81,    153.78,    154.45,    151.55,26624900.00
    155.02,    155.98,    154.48,    155.37,    152.46,21069600.00
    155.25,    155.54,    154.40,    154.99,    152.08,21250800.00
    155.19,    155.19,    146.02,    148.98,    146.19,64882700.00
    145.74,    146.09,    142.51,    145.42,    142.69,72307300.00
    147.16,    147.45,    145.15,    146.59,    143.84,34165400.00
    147.50,    147.50,    143.84,    145.16,    142.44,31531200.00
    143.32,    144.48,    142.21,    144.29,    141.58,32165400.00
    143.78,    144.50,    142.20,    142.27,    139.60,50361100.00
    143.66,    146.74,    143.66,    146.34,    143.60,32541400.00
    146.87,    146.87,    144.94,    145.01,    142.29,24900100.00
    145.52,    146.07,    144.61,    145.87,    143.14,21265800.00
    145.77,    146.70,    145.12,    145.63,    142.90,19106300.00
    145.13,    147.16,    145.11,    146.28,    143.54,35439400.00
    147.17,    148.28,    145.38,    145.82,    143.09,25692400.00
    145.01,    146.16,    143.62,    143.73,    141.04,24761900.00
    144.49,    146.11,    143.16,    145.83,    143.10,22082400.00
    144.71,    145.13,    142.28,    143.68,    140.99,31499400.00
    144.45,    144.96,    143.78,    144.02,    141.32,23024100.00
    144.88,    145.30,    143.10,    143.50,    140.81,14277800.00
    143.69,    144.79,    142.72,    144.09,    141.39,21569600.00
    143.02,    143.50,    142.41,    142.73,    140.05,24128800.00
    142.90,    144.75,    142.90,    144.18,    141.48,19201700.00
    144.11,    145.95,    143.37,    145.06,    142.34,21090600.00
    144.73,    145.85,    144.38,    145.53,    142.80,19781800.00
    145.87,    146.18,    144.82,    145.74,    143.01,24884500.00
    145.50,    148.49,    145.44,    147.77,    145.00,25199400.00
    147.97,    149.33,    147.33,    149.04,    146.25,20132100.00
    148.82,    150.90,    148.57,    149.56,    146.76,23793500.00
    149.20,    150.13,    148.67,    150.08,    147.27,17868800.00
    150.48,    151.42,    149.95,    151.02,    148.19,20923000.00
    151.50,    151.74,    150.19,    150.34,    147.52,17243700.00
    149.99,    150.44,    148.88,    150.27,    147.45,26252600.00
    150.58,    152.44,    149.90,    152.09,    149.24,21493200.00
    151.80,    153.84,    151.80,    152.74,    149.88,18853900.00
    153.35,    153.93,    153.06,    153.46,    150.58,15781000.00
    153.75,    153.99,    147.30,    150.56,    147.74,32476300.00
    149.89,    150.23,    149.19,    149.50,    146.70,17213700.00
    149.90,    150.33,    148.13,    148.73,    145.94,19845900.00
    149.10,    150.22,    148.41,    150.05,    147.24,35368600.00
    159.28,    159.75,    156.16,    157.14,    154.19,69936800.00
    157.05,    157.21,    155.02,    155.57,    152.65,27097300.00
    156.07,    157.40,    155.69,    156.39,    153.46,20559900.00
    157.06,    158.92,    156.67,    158.81,    155.83,21870300.00
    158.60,    161.83,    158.27,    160.08,    157.08,36205900.00
    159.26,    161.27,    159.11,    161.06,    158.04,26131500.00
    159.90,    160.00,    154.63,    155.32,    153.01,40804300.00
    156.60,    158.57,    156.07,    157.48,    155.13,26257100.00
    159.32,    160.21,    158.75,    159.85,    157.47,22122700.00
    160.66,    162.20,    160.14,    161.60,    159.19,29465500.00
    161.94,    162.51,    160.15,    160.95,    158.55,27671600.00
    160.52,    160.71,    157.84,    157.86,    155.51,27940600.00
    157.86,    159.50,    156.72,    157.50,    155.15,27428100.00
    157.50,    157.89,    155.11,    157.21,    154.87,26368500.00
    158.23,    160.00,    158.02,    159.78,    157.40,21604600.00
    159.07,    160.47,    158.88,    159.98,    157.60,19399100.00
    160.43,    160.74,    158.55,    159.27,    156.90,19818900.00
    159.65,    160.56,    159.27,    159.86,    157.48,25480100.00
    160.14,    162.00,    159.93,    161.47,    159.06,25966000.00
    160.10,    163.12,    160.00,    162.91,    160.48,29516900.00
    163.80,    163.89,    162.61,    163.35,    160.92,27269600.00
    163.64,    164.52,    163.48,    164.00,    161.56,26785100.00
    164.80,    164.94,    163.63,    164.05,    161.61,16591100.00
    163.75,    164.25,    160.56,    162.08,    159.67,29468500.00
    162.71,    162.99,    160.52,    161.91,    159.50,21651700.00
    162.09,    162.24,    160.36,    161.26,    158.86,21928500.00
    160.86,    161.15,    158.53,    158.63,    156.27,28611500.00
    160.50,    162.05,    159.89,    161.50,    159.09,31580800.00
    162.61,    163.96,    158.77,    160.86,    158.46,71714000.00
    159.87,    159.96,    157.91,    159.65,    157.27,44907400.00
    158.99,    159.40,    158.09,    158.28,    155.92,23760700.00
    158.47,    160.97,    158.00,    159.88,    157.50,49114600.00
    160.11,    160.50,    158.00,    158.67,    156.31,28269400.00
    159.51,    159.77,    158.44,    158.73,    156.37,20810600.00
    157.90,    158.26,    153.83,    156.07,    153.75,52951400.00
    155.80,    155.80,    152.75,    153.39,    151.11,37511700.00
    151.54,    152.27,    150.56,    151.89,    149.63,46645400.00
    149.99,    151.83,    149.16,    150.55,    148.31,44387300.00
    151.78,    153.92,    151.69,    153.14,    150.86,36660000.00
    153.80,    154.72,    153.54,    154.23,    151.93,25504200.00
    153.89,    154.28,    152.70,    153.28,    151.00,22005500.00
    153.21,    154.13,    152.00,    154.12,    151.82,26299800.00
    154.26,    154.45,    152.72,    153.81,    151.52,18698800.00
    154.01,    155.09,    153.91,    154.48,    152.18,16230300.00
    153.63,    153.86,    152.46,    153.48,    151.19,20163800.00
    154.18,    155.44,    154.05,    155.39,    153.08,21283800.00
    154.97,    155.49,    154.56,    155.30,    152.99,17407600.00
    155.81,    156.73,    155.49,    155.84,    153.52,16262900.00
    156.06,    158.00,    155.10,    155.90,    153.58,15617000.00
    155.97,    156.98,    155.75,    156.55,    154.22,16905600.00
    156.35,    157.37,    155.73,    156.00,    153.68,16125100.00
    156.73,    157.28,    156.41,    156.99,    154.65,16394200.00
    157.90,    160.00,    157.65,    159.88,    157.50,24121500.00
    159.78,    160.87,    159.23,    160.47,    158.08,18997300.00
    160.42,    160.71,    159.60,    159.76,    157.38,16374200.00
    156.75,    157.08,    155.02,    155.98,    153.66,42584200.00
    156.61,    157.75,    155.96,    156.25,    153.92,23974100.00
    156.89,    157.69,    155.50,    156.17,    153.84,21984300.00
    156.29,    157.42,    156.20,    157.10,    154.76,17757200.00
    156.91,    157.55,    155.27,    156.41,    154.08,21207100.00
    157.23,    157.83,    156.78,    157.41,    155.07,17000500.00
    159.29,    163.60,    158.70,    163.05,    160.62,44454200.00
    163.89,    168.07,    163.72,    166.72,    164.24,44700800.00
    167.90,    169.65,    166.94,    169.04,    166.52,36046800.00
    169.87,    169.94,    165.61,    166.89,    164.40,33637800.00
    166.60,    168.50,    165.28,    168.11,    165.61,41393400.00
    174.00,    174.26,    171.12,    172.50,    169.93,59398600.00
    172.37,    174.99,    171.72,    174.25,    171.65,35026300.00
    173.91,    175.25,    173.60,    174.81,    172.21,24361500.00
    174.66,    176.24,    174.33,    176.24,    173.61,24409500.00
    175.11,    176.10,    173.14,    175.88,    173.26,29482600.00
    175.11,    175.38,    174.27,    174.67,    172.69,25145500.00
    173.50,    174.50,    173.40,    173.97,    171.99,16982100.00
    173.04,    173.48,    171.18,    171.34,    169.39,24782500.00
    169.97,    170.32,    168.38,    169.08,    167.16,29158100.00
    171.18,    171.87,    170.30,    171.10,    169.16,23637500.00
    171.04,    171.39,    169.64,    170.15,    168.22,21899500.00
    170.29,    170.56,    169.56,    169.98,    168.05,16262400.00
    170.78,    173.70,    170.78,    173.14,    171.17,25131300.00
    173.36,    175.00,    173.05,    174.96,    172.97,25588900.00
    175.10,    175.50,    174.65,    174.97,    172.98,14026700.00
    175.05,    175.08,    173.34,    174.09,    172.11,20716800.00
    174.30,    174.87,    171.86,    173.07,    171.11,26428800.00
    172.63,    172.92,    167.16,    169.48,    167.56,41666400.00
    170.43,    172.14,    168.44,    171.85,    169.90,41527200.00
    169.95,    171.67,    168.50,    171.05,    169.11,39759300.00
    172.48,    172.62,    169.63,    169.80,    167.87,32542400.00
    169.06,    171.52,    168.40,    169.64,    167.71,27350200.00
    167.50,    170.20,    166.46,    169.01,    167.09,28560000.00
    169.03,    170.44,    168.91,    169.32,    167.40,25673300.00
    170.49,    171.00,    168.82,    169.37,    167.45,23355200.00
    169.20,    172.89,    168.79,    172.67,    170.71,35273800.00
    172.15,    172.39,    171.46,    171.70,    169.75,19409200.00
    172.50,    173.54,    172.00,    172.27,    170.31,23818400.00
    172.40,    173.13,    171.65,    172.22,    170.26,20476500.00
    173.63,    174.17,    172.46,    173.97,    171.99,40169300.00
    174.88,    177.20,    174.86,    176.42,    174.42,29421100.00
    175.03,    175.39,    174.09,    174.54,    172.56,27436400.00
    174.87,    175.42,    173.25,    174.35,    172.37,23475600.00
    174.17,    176.02,    174.10,    175.01,    173.02,20949900.00
    174.68,    175.42,    174.50,    175.01,    173.02,16114600.00
    170.80,    171.47,    169.68,    170.57,    168.63,33185500.00
    170.10,    170.78,    169.71,    170.60,    168.66,21498200.00
    171.00,    171.85,    170.48,    171.08,    169.14,16480200.00
